,Temp,Irr,cluster
7,8.6,0,1
8,8.7,2,1
9,9.4,41,2
10,10.1,76,2
11,10.7,104,2
12,11.2,128,2
13,11.5,116,2
14,11.6,87,2
15,11.3,49,2
16,10.8,3,2
17,10.4,0,2
18,9.9,0,2
19,9.6,0,2
20,9.3,0,1
21,8.9,0,1
31,2.2,0,0
32,2.2,2,0
33,3.7,104,1
34,4.9,176,5
35,6.0,252,5
36,6.9,301,5
37,7.4,279,5
38,7.7,272,5
39,7.2,134,1
40,6.0,14,1
41,5.5,0,1
42,4.9,0,1
43,4.4,0,1
44,3.8,0,1
45,3.3,0,1
55,1.8,0,0
56,2.1,5,0
57,4.0,97,1
58,5.9,181,5
59,7.6,252,5
60,8.8,272,5
61,9.5,257,5
62,9.5,174,5
63,8.8,93,1
64,7.6,3,1
65,7.1,0,1
66,6.6,0,1
67,6.2,0,1
68,5.7,0,1
69,5.2,0,1
79,0.4,0,0
80,0.5,2,0
81,2.2,104,0
82,3.4,160,5
83,4.5,216,5
84,5.4,265,5
85,6.5,343,5
86,6.6,218,5
87,6.0,112,1
88,4.9,16,1
89,4.4,0,1
90,3.8,0,1
91,3.3,0,1
92,2.7,0,0
93,2.2,0,0
103,-1.0,0,0
104,-0.7,8,0
105,1.2,105,0
106,3.1,200,5
107,5.0,300,5
108,6.2,301,5
109,6.5,233,5
110,6.6,206,5
111,6.0,129,1
112,4.7,16,1
113,4.3,0,1
114,3.8,0,1
115,3.3,0,1
116,2.8,0,0
117,2.4,0,0
175,-3.3,0,0
176,-3.1,5,0
177,-1.3,105,0
178,0.6,211,0
179,2.3,291,5
180,3.6,337,5
181,4.4,327,5
182,4.7,283,5
183,4.3,176,5
184,2.9,27,0
185,2.2,0,0
186,1.5,0,0
187,0.8,0,0
188,0.1,0,0
189,-0.6,0,0
199,-5.3,0,0
200,-5.1,7,0
201,-2.7,129,0
202,-0.4,246,0
203,1.5,330,5
204,3.0,369,5
205,3.8,355,5
206,4.0,285,5
207,3.4,177,5
208,1.8,27,0
209,1.4,0,0
210,1.0,0,0
211,0.6,0,0
212,0.2,0,0
213,-0.2,0,0
223,-2.0,0,0
224,-1.9,2,0
225,-1.7,10,0
226,-1.5,20,0
227,-1.3,26,0
228,-1.2,29,0
229,0.7,292,5
230,2.0,266,5
231,2.5,190,5
232,2.0,32,0
233,1.8,0,0
234,1.6,0,0
235,1.4,0,0
236,1.2,0,0
237,1.0,0,0
247,-0.5,0,0
248,-0.3,5,0
249,0.8,67,0
250,0.8,35,0
251,1.7,135,0
252,2.8,213,5
253,3.7,245,5
254,3.4,79,1
255,2.9,33,0
256,2.3,5,0
257,1.8,0,0
258,1.4,0,0
259,1.0,0,0
260,0.6,0,0
261,0.1,0,0
271,-6.9,0,0
272,-7.1,2,0
273,-7.4,28,0
274,-7.7,56,0
275,-8.0,78,0
276,-8.3,94,0
277,-8.5,90,0
278,-8.7,59,0
279,-8.4,37,0
280,-8.5,11,0
281,-8.6,0,0
282,-8.7,0,0
283,-8.9,0,0
284,-9.0,0,0
343,-6.3,0,0
344,-6.3,2,0
345,-5.2,65,0
346,-4.3,117,0
347,-3.1,193,0
348,-2.2,226,0
349,-1.8,191,0
350,-1.8,142,0
351,-2.2,89,0
352,-2.9,42,0
353,-3.6,0,0
354,-3.8,0,0
355,-4.0,0,0
356,-4.2,0,0
357,-4.4,0,0
367,-4.3,0,0
368,-4.0,6,0
369,-2.4,71,0
370,-0.7,147,0
371,0.8,195,0
372,1.7,201,5
373,2.0,150,0
374,2.3,176,0
375,1.7,70,0
376,1.2,56,0
377,0.3,0,0
378,0.0,0,0
379,-0.2,0,0
380,-0.4,0,0
381,-0.7,0,0
391,-3.3,0,0
392,-3.0,7,0
393,-0.9,113,0
394,1.1,207,0
395,2.9,286,5
396,4.3,337,5
397,5.3,330,5
398,5.6,277,5
399,4.7,113,1
400,3.5,49,1
401,2.2,0,0
402,1.9,0,0
403,1.6,0,0
404,1.3,0,0
405,0.9,0,0
415,-1.6,0,0
416,-1.2,10,0
417,1.4,135,0
418,3.5,230,5
419,5.9,357,5
420,7.3,353,5
421,7.9,302,5
422,7.7,211,5
423,7.1,156,1
424,5.8,57,1
425,4.4,0,1
426,4.2,0,1
427,4.0,0,1
428,3.9,0,1
429,3.7,0,1
439,2.6,0,0
440,2.8,3,0
441,3.1,13,1
442,3.0,24,0
443,3.6,31,1
444,3.8,35,1
445,5.6,263,5
446,6.7,215,5
447,7.0,143,1
448,6.7,53,1
449,6.1,0,1
450,5.9,0,1
451,5.6,0,1
452,5.4,0,1
453,5.1,0,1
511,6.5,0,1
512,6.6,3,1
513,7.0,20,1
514,7.3,34,1
515,7.6,47,1
516,7.8,53,1
517,7.9,46,1
518,7.9,38,1
519,7.8,26,1
520,7.7,12,1
521,7.5,0,1
522,7.3,0,1
523,7.0,0,1
524,6.7,0,1
525,6.2,0,1
535,3.8,0,1
536,4.0,3,1
537,2.3,20,0
538,3.8,35,1
539,4.1,42,1
540,4.2,47,1
541,4.2,45,1
542,4.1,40,1
543,4.0,28,1
544,3.9,12,1
545,3.0,0,0
546,3.5,0,1
547,2.9,0,0
548,3.0,0,0
549,2.7,0,0
559,-4.2,0,0
560,-4.0,10,0
561,-2.0,132,0
562,-0.1,234,0
563,1.5,324,5
564,2.7,358,5
565,3.4,347,5
566,3.6,298,5
567,3.2,206,5
568,2.0,88,0
569,0.6,1,0
570,0.0,0,0
571,-0.5,0,0
572,-1.0,0,0
573,-1.5,0,0
583,-3.1,0,0
584,-2.6,11,0
585,0.0,121,0
586,2.2,211,5
587,3.9,266,5
588,5.2,287,5
589,5.8,271,5
590,6.1,235,5
591,5.7,158,5
592,4.5,62,1
593,3.0,1,0
594,3.5,0,1
595,4.0,0,1
596,4.4,0,1
597,4.9,0,1
607,6.2,0,1
608,6.5,3,1
609,7.3,34,1
610,8.0,60,1
611,8.6,81,1
612,9.1,85,1
613,9.2,82,1
614,9.6,87,2
615,9.5,47,2
616,9.2,23,1
617,8.7,1,1
618,8.5,0,1
619,8.3,0,1
620,7.8,0,1
621,7.9,0,1
679,2.5,0,0
680,2.9,6,0
681,3.1,14,1
682,3.8,50,1
683,4.9,111,1
684,6.8,244,5
685,8.0,226,5
686,9.4,310,5
687,9.3,116,2
688,8.6,57,1
689,7.7,6,1
690,7.5,0,1
691,7.3,0,1
692,7.1,0,1
693,6.9,0,1
703,4.2,0,1
704,4.3,4,1
705,4.5,15,1
706,4.7,25,1
707,5.0,42,1
708,5.1,41,1
709,6.9,300,5
710,8.0,262,5
711,8.4,185,5
712,8.2,83,1
713,7.5,2,1
714,7.3,0,1
715,7.1,0,1
716,6.9,0,1
717,6.7,0,1
727,5.6,0,1
728,5.8,4,1
729,7.6,73,1
730,9.8,164,2
731,11.7,228,4
732,12.6,207,4
733,13.0,182,4
734,13.0,139,2
735,12.4,86,2
736,11.7,64,2
737,10.6,2,2
738,10.0,0,2
739,9.5,0,2
740,9.0,0,1
741,8.5,0,1
751,4.6,0,1
752,5.1,20,1
753,6.9,157,1
754,8.5,262,5
755,9.9,347,4
756,10.7,353,4
757,11.2,343,4
758,11.5,332,4
759,11.3,231,4
760,10.6,131,2
761,9.4,6,2
762,8.9,0,1
763,8.3,0,1
764,7.8,0,1
765,7.2,0,1
775,3.8,0,1
776,4.3,20,1
777,6.0,143,1
778,7.5,255,5
779,8.7,311,5
780,9.6,353,4
781,10.2,351,4
782,10.4,291,4
783,10.1,199,4
784,9.3,88,2
785,8.2,1,1
786,7.8,0,1
787,7.3,0,1
788,6.8,0,1
789,6.3,0,1
847,-1.9,0,0
848,-0.8,61,0
849,1.2,194,0
850,3.3,319,5
851,5.3,408,5
852,6.9,462,5
853,7.9,430,5
854,8.3,351,5
855,8.1,243,5
856,7.2,118,1
857,5.8,3,1
858,5.5,0,1
859,5.2,0,1
860,4.9,0,1
861,4.6,0,1
871,1.7,0,0
872,1.9,17,0
873,2.2,52,0
874,2.6,88,0
875,2.9,114,0
876,3.1,123,0
877,3.2,122,1
878,3.4,105,1
879,3.3,73,1
880,3.0,36,0
881,2.8,2,0
882,2.5,0,0
883,2.1,0,0
884,1.7,0,0
885,1.3,0,0
895,-0.5,0,0
896,0.7,65,0
897,2.5,183,5
898,3.9,240,5
899,5.0,270,5
900,6.3,369,5
901,7.0,324,5
902,7.5,309,5
903,7.7,275,5
904,7.3,150,1
905,6.2,16,1
906,5.5,0,1
907,4.9,0,1
908,4.3,0,1
909,3.6,0,1
919,-1.1,0,0
920,-1.2,7,0
921,-1.0,17,0
922,-1.2,35,0
923,-0.6,68,0
924,-0.5,74,0
925,0.8,368,5
926,1.6,329,5
927,1.9,228,5
928,1.8,116,0
929,1.3,9,0
930,0.8,0,0
931,0.2,0,0
932,-0.3,0,0
933,-0.9,0,0
943,-3.9,0,0
944,-3.8,6,0
945,-3.6,29,0
946,-1.5,276,0
947,-0.1,283,5
948,2.0,521,5
949,2.8,365,5
950,3.1,273,5
951,3.0,209,5
952,2.1,58,0
953,1.1,3,0
954,0.9,0,0
955,0.6,0,0
956,0.3,0,0
957,0.0,0,0
1015,-0.4,0,0
1016,-0.3,15,0
1017,0.0,44,0
1018,0.3,67,0
1019,0.6,88,0
1020,0.7,88,0
1021,0.8,87,0
1022,0.7,67,0
1023,0.5,51,0
1024,0.4,26,0
1025,0.2,3,0
1026,0.2,0,0
1027,-0.2,0,0
1028,-0.1,0,0
1029,0.0,0,0
1039,1.5,0,0
1040,2.4,40,0
1041,3.6,107,1
1042,5.0,183,5
1043,6.4,243,5
1044,7.4,252,5
1045,8.1,246,5
1046,8.5,213,5
1047,8.6,169,5
1048,8.1,82,1
1049,7.3,3,1
1050,6.6,0,1
1051,5.9,0,1
1052,5.2,0,1
1053,4.5,0,1
1063,-3.4,0,0
1064,-3.2,41,0
1065,-2.5,156,0
1066,-2.1,193,0
1067,-2.4,70,0
1068,-2.4,188,0
1069,-2.4,126,0
1070,-2.8,142,0
1071,-2.3,223,0
1072,-2.4,138,0
1073,-2.8,34,0
1074,-3.3,0,0
1075,-3.9,0,0
1076,-4.4,0,0
1077,-4.9,0,0
1087,-6.0,1,0
1088,-4.6,96,0
1089,-2.7,249,0
1090,-0.7,384,5
1091,1.0,473,5
1092,2.2,507,5
1093,3.0,494,5
1094,3.4,428,5
1095,3.3,320,5
1096,2.4,176,5
1097,1.0,18,0
1098,0.5,0,0
1099,0.0,0,0
1100,-0.4,0,0
1101,-0.9,0,0
1111,-2.5,0,0
1112,-1.1,76,0
1113,0.7,191,0
1114,2.8,314,5
1115,4.5,381,5
1116,5.7,380,5
1117,6.5,371,5
1118,6.9,334,5
1119,6.9,262,5
1120,6.2,148,1
1121,4.9,16,1
1122,4.6,0,1
1123,4.2,0,1
1124,3.8,0,1
1125,3.4,0,1
1183,1.5,1,0
1184,1.3,10,0
1185,2.2,23,0
1186,2.6,35,0
1187,2.9,44,0
1188,2.9,48,0
1189,5.2,342,5
1190,6.6,312,5
1191,7.3,243,5
1192,7.5,136,1
1193,6.9,17,1
1194,6.7,0,1
1195,6.6,0,1
1196,6.5,0,1
1197,6.4,0,1
1207,4.0,1,1
1208,5.2,76,1
1209,6.0,120,1
1210,6.3,107,1
1211,6.1,46,1
1212,6.9,226,5
1213,7.5,249,5
1214,8.4,323,5
1215,8.9,275,5
1216,8.6,124,1
1217,8.0,28,1
1218,7.7,0,1
1219,7.5,0,1
1220,7.3,0,1
1221,7.1,0,1
1231,6.7,1,1
1232,7.6,48,1
1233,8.7,115,1
1234,9.9,174,4
1235,10.9,215,4
1236,11.7,236,4
1237,12.2,226,4
1238,12.4,181,4
1239,12.4,139,2
1240,12.0,78,2
1241,11.3,26,2
1242,10.7,0,2
1243,9.7,0,2
1244,9.7,0,2
1245,9.4,0,2
1255,6.2,4,1
1256,7.7,91,1
1257,8.7,141,1
1258,10.5,291,4
1259,11.4,261,4
1260,12.7,403,4
1261,13.8,433,3
1262,14.8,451,3
1263,15.2,366,4
1264,14.8,194,4
1265,13.8,69,2
1266,12.7,0,2
1267,11.8,0,2
1268,10.8,0,2
1269,9.9,0,2
1279,2.6,1,0
1280,3.2,54,1
1281,4.3,146,1
1282,5.8,271,5
1283,6.8,315,5
1284,7.8,377,5
1285,8.5,384,5
1286,9.1,401,5
1287,9.2,298,5
1288,8.7,175,5
1289,7.9,73,1
1290,6.8,0,1
1291,6.2,0,1
1292,5.6,0,1
1293,5.0,0,1
1351,-1.4,2,0
1352,0.2,99,0
1353,2.4,259,5
1354,4.5,372,5
1355,5.9,399,5
1356,7.1,457,5
1357,8.1,479,3
1358,8.6,446,3
1359,8.7,362,5
1360,8.2,231,5
1361,6.9,84,1
1362,5.4,0,1
1363,5.1,0,1
1364,4.8,0,1
1365,4.5,0,1
1375,4.2,2,1
1376,4.2,12,1
1377,4.9,26,1
1378,5.2,38,1
1379,6.2,125,1
1380,7.3,192,5
1381,9.2,382,5
1382,10.1,262,4
1383,11.0,312,4
1384,11.1,165,2
1385,10.8,87,2
1386,10.0,1,2
1387,9.6,0,2
1388,9.2,0,1
1389,8.9,0,1
1399,5.2,8,1
1400,6.2,66,1
1401,7.4,142,1
1402,8.4,193,5
1403,9.6,285,4
1404,10.4,285,4
1405,10.9,274,4
1406,11.7,363,4
1407,12.3,367,4
1408,12.3,254,4
1409,11.6,87,2
1410,10.5,0,2
1411,9.8,0,2
1412,9.1,0,1
1413,8.4,0,1
1423,4.1,6,1
1424,5.2,106,1
1425,6.1,168,5
1426,6.7,209,5
1427,7.5,304,5
1428,8.2,346,5
1429,8.3,272,5
1430,8.3,189,5
1431,8.7,347,5
1432,8.7,237,5
1433,8.2,98,1
1434,7.4,2,1
1435,6.9,0,1
1436,6.4,0,1
1437,5.8,0,1
1447,4.0,16,1
1448,4.8,90,1
1449,6.6,287,5
1450,7.6,305,5
1451,7.1,52,1
1452,7.9,361,5
1453,8.8,437,3
1454,9.3,399,5
1455,9.0,190,5
1456,8.0,18,1
1457,7.5,7,1
1458,6.9,0,1
1459,6.3,0,1
1460,5.7,0,1
1461,5.1,0,1
1519,0.4,3,0
1520,0.5,14,0
1521,1.4,113,0
1522,2.9,265,5
1523,4.2,350,5
1524,5.2,387,5
1525,5.7,319,5
1526,6.3,376,5
1527,6.3,250,5
1528,5.9,127,1
1529,5.2,47,1
1530,4.5,1,1
1531,4.3,0,1
1532,4.1,0,1
1533,3.9,0,1
1543,2.5,7,0
1544,3.5,93,1
1545,4.7,184,5
1546,5.6,241,5
1547,6.3,275,5
1548,6.9,317,5
1549,7.4,307,5
1550,7.6,271,5
1551,7.5,192,5
1552,7.1,127,1
1553,6.5,45,1
1554,5.8,1,1
1555,5.5,0,1
1556,5.1,0,1
1557,4.7,0,1
1567,2.7,5,0
1568,3.1,34,1
1569,3.6,75,1
1570,3.9,89,1
1571,4.2,100,1
1572,4.5,111,1
1573,6.0,467,5
1574,6.9,400,5
1575,7.3,316,5
1576,7.4,197,5
1577,7.0,76,1
1578,6.4,1,1
1579,5.6,0,1
1580,4.8,0,1
1581,4.0,0,1
1591,-2.6,16,0
1592,-1.5,150,0
1593,-0.5,267,5
1594,0.5,386,5
1595,1.3,452,5
1596,1.8,468,5
1597,2.1,472,5
1598,2.2,396,5
1599,2.0,319,5
1600,1.5,203,5
1601,0.7,81,0
1602,-0.2,1,0
1603,-0.9,0,0
1604,-1.5,0,0
1605,-2.2,0,0
1615,-3.6,24,0
1616,-1.5,194,0
1617,0.4,346,5
1618,2.2,485,5
1619,3.7,578,3
1620,5.0,633,3
1621,5.8,618,3
1622,6.2,551,3
1623,6.1,425,5
1624,5.4,271,5
1625,4.2,115,1
1626,2.8,2,0
1627,2.4,0,0
1628,1.9,0,0
1629,1.4,0,0
1687,-0.1,58,0
1688,1.4,200,0
1689,3.1,347,5
1690,4.8,468,5
1691,6.3,553,3
1692,7.4,578,3
1693,8.3,575,3
1694,8.7,513,3
1695,8.7,393,5
1696,8.2,268,5
1697,7.2,123,1
1698,5.9,4,1
1699,5.5,0,1
1700,5.0,0,1
1701,4.6,0,1
1711,3.9,40,1
1712,4.4,99,1
1713,4.7,156,5
1714,5.8,123,1
1715,6.7,203,5
1716,7.0,193,5
1717,7.3,158,5
1718,7.5,188,5
1719,7.7,213,5
1720,7.8,150,1
1721,7.5,57,1
1722,6.9,2,1
1723,6.5,0,1
1724,6.1,0,1
1725,5.6,0,1
1735,3.1,49,1
1736,4.4,162,5
1737,6.0,286,5
1738,7.4,382,5
1739,8.7,451,3
1740,9.8,482,3
1741,10.5,470,3
1742,10.9,411,4
1743,11.0,330,4
1744,10.5,215,4
1745,9.7,95,2
1746,8.6,2,1
1747,8.2,0,1
1748,7.9,0,1
1749,7.5,0,1
1759,6.0,28,1
1760,7.1,97,1
1761,8.0,171,5
1762,8.7,208,5
1763,9.2,205,5
1764,9.5,225,5
1765,9.7,173,4
1766,9.5,115,2
1767,9.1,71,1
1768,8.6,82,1
1769,8.8,30,1
1770,8.2,2,1
1771,8.1,0,1
1772,7.6,0,1
1773,6.3,0,1
1783,6.0,72,1
1784,7.0,147,1
1785,8.3,266,5
1786,9.6,380,4
1787,10.2,313,4
1788,11.0,420,4
1789,11.2,303,4
1790,11.3,284,4
1791,11.1,202,4
1792,10.3,51,2
1793,9.5,12,2
1794,8.7,2,1
1795,8.8,0,1
1796,8.9,0,1
1797,9.0,0,1
1855,8.1,13,1
1856,8.3,21,1
1857,8.6,35,1
1858,8.8,47,1
1859,9.0,54,1
1860,9.1,57,1
1861,10.5,369,4
1862,11.7,412,4
1863,11.8,307,4
1864,12.6,218,4
1865,12.6,119,2
1866,12.1,10,2
1867,11.5,0,2
1868,10.8,0,2
1869,10.2,0,2
1879,5.4,46,1
1880,6.3,123,1
1881,7.0,189,5
1882,7.8,250,5
1883,8.4,297,5
1884,8.9,311,5
1885,9.2,283,5
1886,9.3,257,5
1887,9.3,202,5
1888,9.0,133,1
1889,8.4,70,1
1890,7.9,2,1
1891,6.5,0,1
1892,6.4,0,1
1893,6.0,0,1
1903,4.1,73,1
1904,5.5,182,5
1905,7.2,312,5
1906,8.6,395,5
1907,9.9,455,3
1908,10.9,494,3
1909,11.7,472,3
1910,12.0,416,4
1911,12.0,308,4
1912,11.5,198,4
1913,10.5,86,2
1914,9.5,3,2
1915,9.0,0,1
1916,8.6,0,1
1917,8.1,0,1
1927,7.5,125,1
1928,8.9,230,5
1929,11.5,512,3
1930,13.8,674,3
1931,14.7,514,3
1932,14.6,323,4
1933,14.7,364,4
1934,14.0,193,4
1935,13.1,129,2
1936,12.3,114,2
1937,11.7,116,2
1938,10.8,8,2
1939,10.4,0,2
1940,9.9,0,2
1941,9.4,0,2
1951,6.9,48,1
1952,7.7,120,1
1953,8.6,196,5
1954,9.5,247,5
1955,10.2,289,4
1956,10.7,288,4
1957,11.1,284,4
1958,11.2,246,4
1959,11.1,170,4
1960,10.8,125,2
1961,10.3,59,2
1962,9.7,3,2
1963,9.0,0,1
1964,7.6,0,1
1965,7.4,0,1
2023,3.5,97,1
2024,5.1,224,5
2025,6.9,364,5
2026,8.8,503,3
2027,10.5,598,3
2028,11.9,660,3
2029,13.0,664,3
2030,13.7,640,3
2031,14.0,512,3
2032,13.6,368,4
2033,12.6,189,4
2034,11.1,19,2
2035,10.4,0,2
2036,9.7,0,2
2037,8.9,0,1
2047,7.7,130,1
2048,10.1,318,4
2049,12.3,439,3
2050,14.5,604,3
2058,14.7,7,2
2059,13.6,0,2
2060,12.5,0,2
2061,11.5,0,2
2071,6.4,137,1
2072,8.7,312,5
2073,11.0,478,3
2074,13.1,618,3
2075,14.9,708,3
2082,14.5,23,2
2083,13.4,0,2
2084,12.3,0,2
2085,11.1,0,2
2095,6.7,112,1
2096,8.2,237,5
2097,10.0,385,4
2098,11.8,532,3
2099,12.5,435,3
2100,13.1,461,3
2101,13.9,542,3
2102,14.0,407,4
2103,13.6,258,4
2104,12.9,186,4
2105,12.0,69,2
2106,10.9,4,2
2107,10.1,0,2
2108,9.2,0,1
2109,8.4,0,1
2119,5.9,147,1
2120,8.3,321,5
2121,10.7,486,3
2122,12.9,616,3
2123,14.8,702,3
2130,14.3,21,2
2131,13.3,0,2
2132,12.2,0,2
2133,11.2,0,2
2191,4.9,176,5
2192,7.0,362,5
2193,9.1,535,3
2194,11.0,669,3
2195,12.6,760,3
2196,13.9,794,3
2197,14.8,770,3
2198,15.2,688,3
2199,15.2,559,3
2200,14.7,395,4
2201,13.6,211,4
2202,12.1,24,2
2203,10.9,0,2
2204,9.7,0,2
2205,8.5,0,1
2215,2.5,156,0
2216,4.0,312,5
2217,5.3,433,5
2218,6.5,548,3
2219,7.6,637,3
2220,8.5,668,3
2221,9.1,675,3
2222,9.4,618,3
2223,9.4,526,3
2224,9.0,390,5
2225,8.2,232,5
2226,7.0,32,1
2227,6.3,0,1
2228,5.7,0,1
2229,5.1,0,1
2239,6.5,175,5
2240,8.7,343,5
2241,10.9,502,3
2242,12.9,629,3
2243,14.5,708,3
2244,15.9,749,3
2249,15.8,212,4
2250,14.4,60,2
2251,13.0,0,2
2252,12.7,0,2
2253,12.5,0,2
2263,11.5,17,2
2264,12.1,78,2
2265,13.7,264,4
2266,14.4,216,4
2267,15.8,417,4
2276,15.7,0,2
2277,14.8,0,2
2287,10.3,179,4
2288,12.2,359,4
2289,14.1,521,3
2290,15.9,653,3
2299,15.4,0,2
2300,14.5,0,2
2301,13.5,0,2
2359,10.8,97,2
2360,11.9,209,4
2361,13.5,396,4
2362,15.4,610,3
2369,15.6,20,2
2370,14.7,6,2
2371,13.9,0,2
2372,13.5,0,2
2373,13.2,0,2
2383,12.5,18,2
2384,13.4,107,2
2385,13.5,50,2
2386,14.9,296,4
2407,14.9,221,4
2421,14.9,0,2
2431,10.4,234,4
2432,12.1,404,4
2433,13.9,565,3
2434,15.5,675,3
2442,15.1,33,2
2443,14.0,0,2
2444,12.9,0,2
2445,11.8,0,2
2455,9.8,242,4
2456,11.8,424,3
2457,14.0,620,3
2465,15.9,140,2
2466,14.8,43,2
2467,13.6,0,2
2468,12.8,0,2
2469,11.9,0,2
2527,6.3,220,5
2528,8.2,395,5
2529,9.8,510,3
2530,11.5,636,3
2531,12.9,710,3
2532,14.1,749,3
2533,14.9,729,3
2534,15.4,673,3
2535,15.5,550,3
2536,15.2,403,4
2537,14.3,242,4
2538,13.1,82,2
2539,11.7,0,2
2540,10.9,0,2
2541,10.0,0,2
2551,8.6,111,1
2552,9.9,217,4
2553,11.0,270,4
2554,12.1,358,4
2555,13.0,374,4
2556,14.0,451,3
2557,15.0,547,3
2558,15.9,565,3
2563,15.0,3,2
2564,13.5,0,2
2565,11.9,0,2
2575,5.2,230,5
2576,6.8,394,5
2577,8.6,561,3
2578,10.1,666,3
2579,11.4,739,3
2580,12.4,755,3
2581,13.1,726,3
2582,13.5,671,3
2583,13.6,573,3
2584,13.2,416,4
2585,12.4,254,4
2586,11.1,95,2
2587,9.8,1,2
2588,8.3,0,1
2589,6.9,0,1
2599,3.3,211,5
2600,5.0,365,5
2601,6.7,502,3
2602,8.3,606,3
2603,9.6,669,3
2604,10.7,694,3
2605,11.5,677,3
2606,11.9,611,3
2607,12.0,509,3
2608,11.6,383,4
2609,10.8,232,4
2610,9.7,90,2
2611,8.4,1,1
2612,7.8,0,1
2613,7.2,0,1
2623,6.4,98,1
2624,7.0,126,1
2625,7.5,127,1
2626,7.9,184,5
2627,8.7,214,5
2628,9.0,221,5
2629,9.1,198,5
2630,9.2,144,1
2631,9.2,163,5
2632,9.4,199,5
2633,9.4,144,2
2634,9.0,56,1
2635,7.9,2,1
2636,7.5,0,1
2637,7.3,0,1
2695,7.9,108,1
2696,8.8,178,5
2697,10.1,298,4
2698,11.3,386,4
2699,12.6,469,3
2700,13.4,437,3
2701,13.8,380,4
2702,14.1,367,4
2703,14.4,387,4
2704,14.4,291,4
2705,14.2,224,4
2706,13.6,125,2
2707,12.8,8,2
2708,11.7,0,2
2709,10.7,0,2
2719,6.4,130,1
2720,7.2,205,5
2721,8.0,288,5
2722,8.7,331,5
2723,9.3,382,5
2724,9.7,350,4
2725,10.0,367,4
2726,10.2,349,4
2727,10.2,285,4
2728,10.0,224,4
2729,9.6,136,2
2730,9.0,56,1
2731,8.3,1,1
2732,7.9,0,1
2733,7.1,0,1
2743,9.0,108,1
2744,10.0,173,4
2745,10.8,235,4
2746,11.8,282,4
2747,12.6,319,4
2748,13.3,323,4
2749,13.7,308,4
2750,14.0,270,4
2751,14.0,231,4
2752,13.9,193,4
2753,13.5,112,2
2754,12.0,43,2
2755,12.0,1,2
2756,11.6,0,2
2757,10.7,0,2
2767,6.8,133,1
2768,7.9,257,5
2769,9.6,472,3
2770,11.3,599,3
2771,12.7,673,3
2772,13.8,690,3
2773,14.7,717,3
2774,15.1,582,3
2775,15.2,506,3
2776,14.8,332,4
2777,13.9,157,2
2778,12.7,44,2
2779,11.6,1,2
2780,11.0,0,2
2781,10.3,0,2
2791,9.8,107,2
2792,10.6,171,4
2793,11.3,219,4
2794,12.0,280,4
2795,12.9,310,4
2796,13.5,337,4
2797,13.9,309,4
2798,14.1,293,4
2799,14.3,258,4
2800,14.2,198,4
2801,13.9,123,2
2802,13.3,48,2
2803,12.7,1,2
2804,11.6,0,2
2805,10.5,0,2
2863,1.6,189,0
2864,2.8,320,5
2865,4.2,468,5
2866,5.3,523,3
2867,6.4,638,3
2868,7.1,626,3
2869,7.8,645,3
2870,8.1,616,3
2871,8.5,649,3
2872,8.5,510,3
2873,7.9,328,5
2874,6.9,146,1
2875,5.7,10,1
2876,6.0,0,1
2877,6.3,0,1
2887,10.3,92,2
2888,12.5,148,2
2889,13.4,176,4
2890,14.0,193,4
2891,14.6,191,4
2892,14.8,176,4
2893,15.1,161,4
2894,15.2,137,2
2895,15.1,96,2
2896,15.0,104,2
2897,14.9,82,2
2898,14.5,33,2
2899,14.1,2,2
2900,13.7,0,2
2901,13.3,0,2
2911,11.3,336,4
2912,13.2,528,3
2913,15.0,696,3
2924,15.1,0,2
2925,14.2,0,2
2935,13.3,192,4
2936,14.4,282,4
2937,15.6,388,4
2948,15.5,0,2
2949,14.6,0,2
2959,13.0,126,2
2960,13.8,202,4
2961,14.5,264,4
2962,15.1,294,4
2963,15.6,326,4
2970,15.3,62,2
2971,15.0,2,2
2972,14.2,0,2
2973,13.4,0,2
3031,14.0,386,4
3032,15.1,448,3
3033,15.9,536,3
3038,15.7,67,2
3039,15.0,56,2
3040,14.5,51,2
3041,14.0,69,2
3042,13.5,28,2
3043,13.0,2,2
3044,12.3,0,2
3045,11.5,0,2
3055,9.9,289,4
3056,11.8,495,3
3057,13.7,662,3
3058,15.1,709,3
3065,15.5,267,4
3066,14.6,147,2
3067,13.5,22,2
3068,12.5,0,2
3069,11.5,0,2
3079,9.4,174,5
3080,10.5,280,4
3081,11.5,368,4
3082,12.3,436,3
3083,13.4,524,3
3084,14.0,494,3
3085,14.5,508,3
3086,14.7,408,4
3087,14.8,378,4
3088,14.6,287,4
3089,14.2,198,4
3090,13.5,84,2
3091,12.6,3,2
3092,11.6,0,2
3093,10.6,0,2
3103,7.9,209,5
3104,9.0,312,5
3105,10.1,420,3
3106,11.3,552,3
3107,12.3,599,3
3108,13.0,595,3
3109,13.5,580,3
3110,13.7,514,3
3111,13.7,409,4
3112,13.4,304,4
3113,12.7,178,4
3114,11.9,86,2
3115,10.9,3,2
3116,10.4,0,2
3117,9.8,0,2
3127,12.4,377,4
3128,14.5,596,3
3137,15.5,104,2
3138,14.6,50,2
3139,13.7,3,2
3140,12.7,0,2
3141,11.7,0,2
3199,11.3,400,4
3200,13.1,617,3
3201,14.8,797,3
3203,15.8,414,4
3204,15.3,371,4
3205,14.9,366,4
3206,14.5,360,4
3207,14.0,293,4
3208,13.4,211,4
3209,12.7,149,2
3210,11.9,80,2
3211,11.1,9,2
3212,10.7,0,2
3213,10.2,0,2
3223,13.1,330,4
3224,15.1,486,3
3247,11.5,122,2
3248,12.4,200,4
3249,13.9,417,4
3250,15.0,469,3
3261,15.1,0,2
3271,14.0,192,4
3272,15.1,292,4
3284,15.4,0,2
3285,14.3,0,2
3295,12.1,246,4
3296,13.4,372,4
3297,14.7,515,3
3298,15.9,577,3
3307,15.1,4,2
3308,14.1,0,2
3309,13.0,0,2
3439,14.2,123,2
3440,15.6,348,4
3463,15.5,116,2
3559,15.3,367,4
3583,14.8,296,4
3607,14.7,290,4
3631,15.7,270,4
3644,15.7,0,2
3645,15.9,0,2
3703,12.7,451,3
3704,14.4,669,3
3711,15.9,304,4
3712,15.4,278,4
3713,14.8,187,4
3714,14.0,113,2
3715,13.2,39,2
3716,12.4,0,2
3717,11.7,0,2
3727,13.3,237,4
3728,14.6,337,4
3729,15.2,289,4
3751,12.6,336,4
3752,14.0,483,3
3753,15.5,609,3
3765,14.8,0,2
3775,12.4,286,4
3776,13.7,410,4
3777,15.1,511,3
3789,14.8,0,2
3799,12.4,215,4
3800,12.8,246,4
3801,13.4,194,4
3802,13.9,274,4
3803,14.2,300,4
3804,15.1,491,3
3805,15.7,471,3
3813,15.2,0,2
3871,14.4,394,4
3895,14.7,418,4
4279,15.6,355,4
4423,15.5,321,4
4471,13.9,322,4
4472,15.3,455,3
4711,13.8,360,4
4712,15.7,534,3
4951,15.3,254,4
5143,14.5,153,2
5144,15.6,267,4
5157,15.5,0,2
5215,14.1,319,4
5216,15.9,503,3
5239,13.1,173,4
5240,14.2,264,4
5241,15.4,369,4
5253,15.9,0,2
5263,15.7,128,2
5287,13.7,257,4
5288,15.3,417,4
5599,14.5,235,4
5959,14.9,203,4
5983,12.4,207,4
5984,14.7,384,4
6055,13.6,49,2
6056,14.1,95,2
6057,14.7,142,2
6058,15.1,158,4
6059,15.4,163,4
6060,15.6,179,4
6061,15.8,179,4
6062,15.9,157,4
6063,15.8,131,2
6064,15.5,86,2
6065,15.3,46,2
6066,15.1,4,2
6067,14.5,0,2
6068,13.9,0,2
6069,12.9,0,2
6079,8.6,87,1
6080,9.4,162,2
6081,10.1,238,4
6082,10.9,315,4
6083,11.6,353,4
6084,12.0,357,4
6085,12.3,358,4
6086,12.4,308,4
6087,12.3,240,4
6088,12.0,168,4
6089,11.4,74,2
6090,10.6,4,2
6091,10.3,0,2
6092,9.9,0,2
6093,9.6,0,2
6103,10.7,67,2
6104,11.3,99,2
6105,12.2,174,4
6106,13.2,263,4
6107,14.1,288,4
6108,14.8,311,4
6109,15.1,252,4
6110,15.3,225,4
6111,15.4,212,4
6112,15.1,127,2
6113,14.6,74,2
6114,13.9,3,2
6115,13.6,0,2
6116,13.2,0,2
6117,12.1,0,2
6127,11.3,87,2
6128,12.3,165,4
6129,13.2,233,4
6130,14.1,318,4
6131,14.8,334,4
6132,15.0,353,4
6133,15.6,291,4
6134,15.6,254,4
6135,15.5,197,4
6136,15.0,125,2
6137,14.5,65,2
6138,13.8,3,2
6139,13.4,0,2
6140,13.0,0,2
6141,12.6,0,2
6151,13.5,185,4
6152,15.9,362,4
6223,10.9,20,2
6224,10.9,44,2
6225,10.8,59,2
6226,10.9,78,2
6227,11.0,84,2
6228,10.8,87,2
6229,10.8,79,2
6230,10.5,69,2
6231,10.5,62,2
6232,10.5,44,2
6233,9.8,22,2
6234,8.4,2,1
6235,9.8,0,2
6236,9.9,0,2
6237,9.9,0,2
6247,12.0,26,2
6248,12.5,59,2
6249,14.0,220,4
6250,14.0,51,2
6251,15.1,279,4
6271,11.8,118,2
6272,13.0,224,4
6273,14.1,316,4
6274,15.1,400,4
6275,15.8,417,4
6281,15.8,86,2
6282,14.8,2,2
6283,13.9,0,2
6284,13.1,0,2
6285,12.2,0,2
6295,9.9,130,2
6296,11.8,278,4
6297,13.7,421,4
6298,15.1,482,3
6306,15.6,2,2
6307,15.1,0,2
6308,14.6,0,2
6309,14.1,0,2
6319,12.7,86,2
6320,13.9,173,4
6321,15.0,248,4
6322,15.9,301,4
6331,15.4,0,2
6332,14.8,0,2
6333,14.1,0,2
6391,15.1,79,2
6415,15.8,76,2
6429,15.7,0,2
6439,13.3,57,2
6440,14.2,134,2
6441,15.1,217,4
6442,15.9,257,4
6451,15.4,0,2
6452,14.7,0,2
6453,14.1,0,2
6463,12.1,124,2
6464,13.9,260,4
6465,15.6,395,4
6476,15.5,0,2
6477,14.4,0,2
6487,8.4,136,1
6488,10.2,313,4
6489,12.0,476,3
6490,13.6,607,3
6491,14.9,688,3
6492,15.9,707,3
6496,15.8,278,4
6497,14.5,105,2
6498,13.1,1,2
6499,12.5,0,2
6500,11.8,0,2
6501,11.2,0,2
6559,7.1,104,1
6560,9.5,263,5
6561,11.8,403,4
6562,13.8,491,3
6563,15.3,530,3
6569,14.7,68,2
6570,13.1,0,2
6571,12.2,0,2
6572,11.4,0,2
6573,10.5,0,2
6583,7.6,14,1
6584,8.2,52,1
6585,9.1,110,1
6586,9.3,65,2
6587,10.4,208,4
6588,11.3,226,4
6589,12.3,318,4
6590,13.6,377,4
6591,14.5,368,4
6592,14.8,275,4
6593,14.3,93,2
6594,13.4,1,2
6595,13.2,0,2
6596,13.0,0,2
6597,12.8,0,2
6607,10.9,12,2
6608,11.5,31,2
6609,12.0,52,2
6610,12.3,65,2
6611,12.5,74,2
6612,12.6,77,2
6613,12.8,69,2
6614,12.6,57,2
6615,12.7,43,2
6616,12.5,24,2
6617,11.9,8,2
6618,11.9,0,2
6619,10.0,0,2
6620,11.4,0,2
6621,10.5,0,2
6631,9.6,11,2
6632,10.0,31,2
6633,10.3,40,2
6634,10.8,79,2
6635,11.2,85,2
6636,11.4,79,2
6637,13.7,507,3
6638,15.3,455,3
6641,15.8,68,2
6642,15.0,0,2
6643,14.7,0,2
6644,14.3,0,2
6645,13.9,0,2
6655,11.2,8,2
6656,11.3,20,2
6657,12.6,132,2
6658,13.0,88,2
6659,13.7,163,4
6660,13.4,104,2
6661,15.9,493,3
6667,15.5,0,2
6668,14.9,0,2
6669,14.3,0,2
6727,8.4,92,1
6728,10.7,241,4
6729,13.1,386,4
6730,15.3,495,3
6739,15.3,0,2
6740,14.4,0,2
6741,13.4,0,2
6751,10.2,86,2
6752,12.4,231,4
6753,14.9,371,4
6765,15.8,0,2
6775,13.2,68,2
6776,15.5,213,4
6799,14.0,77,2
6800,15.8,201,4
6823,14.4,46,2
6824,15.6,134,2
6837,15.6,0,2
6895,10.8,67,2
6896,13.2,242,4
6897,15.7,398,4
6907,15.6,0,2
6908,14.8,0,2
6909,14.0,0,2
6919,10.1,34,2
6920,11.2,119,2
6921,12.3,191,4
6922,13.5,273,4
6923,14.4,290,4
6924,15.1,316,4
6925,15.6,287,4
6926,15.7,226,4
6927,15.4,156,4
6928,14.7,62,2
6929,13.8,2,2
6930,13.6,0,2
6931,13.3,0,2
6932,13.0,0,2
6933,12.7,0,2
6943,12.2,11,2
6944,10.9,42,2
6945,12.7,62,2
6946,13.5,80,2
6947,13.9,101,2
6948,14.2,98,2
6949,14.4,85,2
6950,14.4,76,2
6951,14.4,60,2
6952,14.3,28,2
6953,14.0,2,2
6954,13.5,0,2
6955,13.3,0,2
6956,13.0,0,2
6957,12.7,0,2
6967,9.4,52,2
6968,10.8,160,2
6969,12.8,304,4
6970,14.6,396,4
6977,14.8,2,2
6978,14.2,0,2
6979,13.7,0,2
6980,13.2,0,2
6981,12.7,0,2
6991,10.4,17,2
6992,10.9,66,2
6993,11.7,119,2
6994,12.0,113,2
6995,12.5,152,2
6996,13.0,191,4
6997,13.2,171,4
6998,13.1,78,2
6999,12.8,46,2
7000,12.4,24,2
7001,12.0,2,2
7002,12.0,0,2
7003,11.9,0,2
7004,11.9,0,2
7005,11.8,0,2
7063,9.2,46,1
7064,10.2,114,2
7065,10.4,107,2
7066,12.1,314,4
7067,12.8,274,4
7068,13.5,306,4
7069,14.6,448,3
7070,14.6,261,4
7071,14.6,250,4
7072,14.1,150,2
7073,13.0,7,2
7074,12.4,0,2
7075,11.7,0,2
7076,11.0,0,2
7077,10.3,0,2
7087,7.1,4,1
7088,7.3,15,1
7089,8.0,74,1
7090,9.2,180,5
7091,11.0,355,4
7092,12.7,445,3
7093,13.8,416,4
7094,14.5,394,4
7095,14.6,254,4
7096,14.0,117,2
7097,12.9,2,2
7098,12.3,0,2
7099,11.6,0,2
7100,11.0,0,2
7101,10.3,0,2
7111,6.2,21,1
7112,8.7,186,5
7113,11.0,337,4
7114,12.9,438,3
7115,14.4,506,3
7116,15.5,527,3
7119,15.6,261,4
7120,14.3,109,2
7121,12.8,2,2
7122,12.0,0,2
7123,11.1,0,2
7124,10.3,0,2
7125,9.4,0,2
7135,4.8,19,1
7136,7.1,176,5
7137,9.2,322,5
7138,11.1,430,3
7139,12.7,504,3
7140,13.8,518,3
7141,14.3,464,3
7142,14.3,370,4
7143,13.7,241,4
7144,12.5,106,2
7145,11.0,1,2
7146,10.3,0,2
7147,9.5,0,2
7148,8.8,0,1
7149,8.1,0,1
7159,3.8,9,1
7160,5.1,111,1
7161,6.4,211,5
7162,7.5,284,5
7163,8.4,324,5
7164,9.0,330,5
7165,9.2,284,5
7166,9.2,228,5
7167,8.7,140,1
7168,7.9,54,1
7169,7.0,1,1
7170,6.7,0,1
7171,6.3,0,1
7172,5.9,0,1
7173,5.5,0,1
7231,6.6,3,1
7232,8.0,60,1
7233,8.5,72,1
7234,9.4,93,2
7235,10.2,134,2
7236,11.2,198,4
7237,12.3,239,4
7238,13.1,239,4
7239,13.7,228,4
7240,13.6,112,2
7241,12.7,5,2
7242,12.4,0,2
7243,12.0,0,2
7244,11.6,0,2
7245,11.3,0,2
7255,6.7,10,1
7256,8.3,134,1
7257,10.0,261,4
7258,11.5,358,4
7259,12.7,411,4
7260,13.6,432,3
7261,14.0,396,4
7262,14.1,315,4
7263,13.6,202,4
7264,12.6,79,2
7265,11.4,1,2
7266,10.7,0,2
7267,9.9,0,2
7268,9.1,0,1
7269,8.4,0,1
7279,4.5,9,1
7280,6.5,141,1
7281,8.4,271,5
7282,10.3,385,4
7283,11.8,451,3
7284,12.8,455,3
7285,13.4,423,4
7286,13.6,349,4
7287,13.1,221,4
7288,12.0,87,2
7289,10.7,0,2
7290,9.8,0,2
7291,8.8,0,1
7292,7.9,0,1
7293,7.0,0,1
7303,0.6,2,0
7304,1.0,34,0
7305,2.8,201,5
7306,3.7,208,5
7307,5.8,479,5
7308,6.4,310,5
7309,6.3,189,5
7310,5.1,29,1
7311,4.2,18,1
7312,3.4,7,1
7313,2.7,0,0
7314,2.3,0,0
7315,2.0,0,0
7316,1.7,0,0
7317,1.4,0,0
7327,0.4,2,0
7328,1.0,25,0
7329,1.8,56,0
7330,2.5,77,0
7331,3.0,87,0
7332,3.5,103,1
7333,6.0,392,5
7334,7.4,324,5
7335,7.9,207,5
7336,7.4,76,1
7337,6.4,0,1
7338,5.9,0,1
7339,5.4,0,1
7340,4.9,0,1
7341,4.3,0,1
7399,2.7,3,0
7400,4.0,66,1
7401,5.8,166,5
7402,7.2,216,5
7403,8.1,228,5
7404,9.0,265,5
7405,9.3,210,5
7406,9.1,142,1
7407,8.3,56,1
7408,7.3,6,1
7409,6.4,0,1
7410,6.1,0,1
7411,5.8,0,1
7412,5.5,0,1
7413,5.2,0,1
7423,3.4,2,1
7424,3.9,15,1
7425,4.1,24,1
7426,4.7,59,1
7427,5.0,50,1
7428,4.9,64,1
7429,7.5,363,5
7430,8.8,291,5
7431,9.2,174,5
7432,8.8,66,1
7433,8.0,0,1
7434,7.8,0,1
7435,7.6,0,1
7436,7.4,0,1
7437,7.1,0,1
7447,5.3,1,1
7448,5.9,31,1
7449,6.6,71,1
7450,7.5,119,1
7451,8.1,142,1
7452,8.5,130,1
7453,8.6,104,1
7454,8.4,71,1
7455,8.1,44,1
7456,7.7,23,1
7457,6.4,0,1
7458,6.8,0,1
7459,6.9,0,1
7460,6.8,0,1
7461,6.6,0,1
7471,6.7,1,1
7472,7.4,26,1
7473,8.6,82,1
7474,10.2,158,2
7475,11.7,210,4
7476,12.3,186,4
7477,12.6,125,2
7478,13.2,191,4
7479,13.5,177,4
7480,12.7,24,2
7481,11.8,0,2
7482,11.4,0,2
7483,11.0,0,2
7484,10.6,0,2
7485,10.2,0,2
7495,6.6,3,1
7496,9.2,134,1
7497,11.3,220,4
7498,13.1,298,4
7499,14.3,310,4
7500,14.8,268,4
7501,15.2,281,4
7502,15.6,294,4
7503,14.4,76,2
7504,12.9,6,2
7505,11.7,0,2
7506,11.4,0,2
7507,11.0,0,2
7508,10.7,0,2
7509,10.3,0,2
7567,5.8,2,1
7568,8.1,118,1
7569,10.7,266,4
7570,12.3,289,4
7571,13.2,299,4
7572,13.2,202,4
7573,12.9,175,4
7574,12.9,198,4
7575,12.5,153,2
7576,11.4,29,2
7577,10.6,0,2
7578,9.9,0,2
7579,9.1,0,1
7580,8.3,0,1
7581,7.6,0,1
7591,4.2,4,1
7592,6.2,91,1
7593,7.9,164,5
7594,9.4,217,5
7595,11.2,315,4
7596,12.0,270,4
7597,13.0,335,4
7598,13.5,283,4
7599,13.1,166,4
7600,11.7,13,2
7601,10.9,0,2
7602,10.2,0,2
7603,9.5,0,2
7604,8.7,0,1
7605,8.0,0,1
7615,2.6,1,0
7616,4.6,99,1
7617,7.1,230,5
7618,9.5,339,5
7619,11.5,406,4
7620,13.0,427,3
7621,13.8,390,4
7622,13.9,307,4
7623,13.1,186,4
7624,11.3,26,2
7625,10.7,0,2
7626,10.0,0,2
7627,9.4,0,2
7628,8.7,0,1
7629,8.0,0,1
7639,3.6,1,1
7640,4.0,20,1
7641,2.9,43,0
7642,4.1,62,1
7643,5.4,88,1
7644,5.6,105,1
7645,6.0,100,1
7646,6.0,77,1
7647,5.9,47,1
7648,5.5,7,1
7649,5.3,0,1
7650,5.1,0,1
7651,4.9,0,1
7652,4.8,0,1
7653,4.5,0,1
7663,4.4,0,1
7664,5.2,31,1
7665,5.9,57,1
7666,6.8,97,1
7667,7.4,98,1
7668,7.8,101,1
7669,9.9,358,4
7670,10.6,212,4
7671,10.8,135,2
7672,9.8,4,2
7673,9.6,0,2
7674,9.4,0,2
7675,9.1,0,1
7676,8.9,0,1
7677,8.7,0,1
7735,8.9,0,1
7736,9.7,28,2
7737,10.5,54,2
7738,11.6,103,2
7739,12.6,138,2
7740,13.3,131,2
7741,13.9,146,2
7742,14.0,88,2
7743,14.0,91,2
7744,13.4,11,2
7745,13.0,0,2
7746,12.7,0,2
7747,12.3,0,2
7748,11.9,0,2
7749,11.3,0,2
7759,8.2,0,1
7760,9.0,42,1
7761,10.2,115,2
7762,11.3,169,4
7763,12.2,196,4
7764,12.8,198,4
7765,13.2,199,4
7766,13.2,141,2
7767,12.9,81,2
7768,12.1,3,2
7769,11.3,0,2
7770,10.6,0,2
7771,9.8,0,2
7772,9.0,0,1
7773,8.3,0,1
7783,2.6,0,0
7784,4.1,75,1
7785,6.3,199,5
7786,8.6,315,5
7787,10.4,380,4
7788,11.8,400,4
7789,12.6,368,4
7790,12.7,282,4
7791,11.9,160,2
7792,10.2,17,2
7793,9.8,0,2
7794,9.4,0,2
7795,9.0,0,1
7796,8.6,0,1
7797,8.2,0,1
7807,7.2,0,1
7808,7.7,21,1
7809,8.4,56,1
7810,9.1,86,1
7811,9.7,107,2
7812,10.1,109,2
7813,10.4,99,2
7814,10.4,75,2
7815,10.2,41,2
7816,9.7,3,2
7817,9.3,0,1
7818,8.7,0,1
7819,7.8,0,1
7820,8.4,0,1
7821,8.2,0,1
7831,6.6,0,1
7832,7.2,30,1
7833,8.3,101,1
7834,10.2,239,4
7835,12.2,350,4
7836,13.1,276,4
7837,12.4,78,2
7838,11.9,87,2
7839,11.4,60,2
7840,10.8,40,2
7841,10.2,0,2
7842,9.7,0,2
7843,9.1,0,1
7844,8.5,0,1
7845,8.0,0,1
7903,4.2,0,1
7904,4.8,40,1
7905,6.8,219,5
7906,8.0,259,5
7907,9.8,426,3
7908,8.9,81,1
7909,8.9,170,5
7910,8.0,23,1
7911,7.3,13,1
7912,6.6,3,1
7913,6.3,0,1
7914,6.0,0,1
7915,5.7,0,1
7916,5.4,0,1
7917,5.1,0,1
7927,2.7,0,0
7928,3.4,33,1
7929,4.6,107,1
7930,5.8,158,5
7931,6.7,184,5
7932,7.4,207,5
7933,7.8,181,5
7934,7.8,132,1
7935,7.3,61,1
7936,6.5,3,1
7937,6.1,0,1
7938,5.6,0,1
7939,5.1,0,1
7940,4.6,0,1
7941,4.1,0,1
7951,0.8,0,0
7952,1.2,25,0
7953,2.0,75,0
7954,2.7,116,0
7955,3.4,150,1
7956,3.9,165,5
7957,4.2,148,1
7958,4.3,110,1
7959,4.0,58,1
7960,3.4,3,1
7961,2.9,0,0
7962,2.5,0,0
7963,2.0,0,0
7964,1.6,0,0
7965,1.1,0,0
7975,-1.7,0,0
7976,-1.1,42,0
7977,0.1,153,0
7978,1.9,317,5
7979,2.8,295,5
7980,3.3,268,5
7981,3.0,138,0
7982,2.0,21,0
7983,1.2,12,0
7984,0.5,2,0
7985,0.3,0,0
7986,0.2,0,0
7987,0.0,0,0
7988,-0.2,0,0
7989,-0.3,0,0
7999,-0.9,0,0
8000,-0.5,9,0
8001,0.7,67,0
8002,1.9,123,0
8003,2.7,141,0
8004,3.1,135,0
8005,3.3,124,1
8006,3.3,103,1
8007,2.9,58,0
8008,2.2,3,0
8009,2.2,0,0
8010,1.7,0,0
8011,2.1,0,0
8012,2.0,0,0
8013,2.0,0,0
8071,4.0,0,1
8072,4.4,4,1
8073,5.1,20,1
8074,5.8,32,1
8075,6.3,43,1
8076,6.5,42,1
8077,7.0,38,1
8078,7.0,29,1
8079,6.9,15,1
8080,6.5,2,1
8081,6.5,0,1
8082,6.4,0,1
8083,6.4,0,1
8084,6.4,0,1
8085,6.3,0,1
8095,3.5,0,1
8096,3.7,6,1
8097,3.9,16,1
8098,4.0,25,1
8099,4.2,31,1
8100,4.2,30,1
8101,5.8,280,5
8102,6.5,201,5
8103,6.7,119,1
8104,6.1,7,1
8105,5.6,0,1
8106,5.2,0,1
8107,4.7,0,1
8108,4.3,0,1
8109,3.9,0,1
8119,0.8,0,0
8120,0.9,5,0
8121,1.5,42,0
8122,2.1,72,0
8123,2.5,91,0
8124,2.7,96,0
8125,2.8,85,0
8126,2.8,64,0
8127,2.5,35,0
8128,2.1,2,0
8129,1.6,0,0
8130,1.6,0,0
8131,1.3,0,0
8132,1.0,0,0
8133,0.8,0,0
8143,-0.3,0,0
8144,-0.1,5,0
8145,0.9,47,0
8146,1.7,82,0
8147,2.4,101,0
8148,2.9,110,0
8149,3.1,94,1
8150,3.1,71,1
8151,2.8,41,0
8152,2.2,2,0
8153,1.8,0,0
8154,1.5,0,0
8155,1.2,0,0
8156,0.8,0,0
8157,0.5,0,0
8167,-2.3,0,0
8168,-1.7,14,0
8169,0.8,126,0
8170,2.9,209,5
8171,5.0,306,5
8172,6.8,360,5
8173,7.5,301,5
8174,7.4,210,5
8175,6.4,112,1
8176,4.7,7,1
8177,4.3,0,1
8178,3.8,0,1
8179,3.4,0,1
8180,2.9,0,0
8181,2.5,0,0
8239,1.4,0,0
8240,1.7,5,0
8241,2.8,48,0
8242,3.8,83,1
8243,4.6,104,1
8244,5.1,110,1
8245,5.4,100,1
8246,5.4,73,1
8247,5.1,39,1
8248,4.5,2,1
8249,4.2,0,1
8250,3.8,0,1
8251,3.5,0,1
8252,3.1,0,1
8253,2.8,0,0
8263,-2.6,0,0
8264,-2.5,9,0
8265,-1.5,74,0
8266,-0.4,144,0
8267,0.3,180,0
8268,0.8,187,0
8269,1.0,185,0
8270,0.9,129,0
8271,0.3,70,0
8272,-0.6,2,0
8273,-0.5,0,0
8274,-0.4,0,0
8275,-0.3,0,0
8276,-0.1,0,0
8277,0.0,0,0
8287,2.8,0,0
8288,3.1,3,1
8289,3.8,14,1
8290,4.4,25,1
8291,4.9,32,1
8292,5.2,32,1
8293,5.5,31,1
8294,5.6,26,1
8295,5.4,13,1
8296,5.1,2,1
8297,5.0,0,1
8298,5.1,0,1
8299,5.1,0,1
8300,5.1,0,1
8301,5.1,0,1
8311,-1.1,0,0
8312,-0.9,11,0
8313,1.3,135,0
8314,3.1,235,5
8315,4.7,312,5
8316,5.7,320,5
8317,6.0,275,5
8318,5.8,213,5
8319,4.9,116,1
8320,3.4,4,1
8321,3.1,0,1
8322,2.7,0,0
8323,2.4,0,0
8324,2.1,0,0
8325,1.7,0,0
8335,2.3,0,0
8336,2.5,2,0
8337,3.7,40,1
8338,6.0,140,1
8339,7.3,142,1
8340,7.8,125,1
8341,9.1,217,5
8342,9.9,200,4
8343,10.1,139,2
8344,9.0,22,1
8345,8.9,0,1
8346,8.8,0,1
8347,8.7,0,1
8348,8.7,0,1
8349,8.6,0,1
8407,2.7,0,0
8408,3.3,17,1
8409,5.0,114,1
8410,5.6,118,1
8411,7.2,266,5
8412,8.3,296,5
8413,8.7,233,5
8414,8.7,200,5
8415,8.1,105,1
8416,6.8,4,1
8417,6.4,0,1
8418,6.1,0,1
8419,5.7,0,1
8420,5.3,0,1
8421,4.9,0,1
8431,5.2,0,1
8432,5.6,8,1
8433,8.1,123,1
8434,10.4,230,4
8435,12.3,308,4
8436,13.9,346,4
8437,13.0,307,4
8438,13.0,231,4
8439,13.0,123,2
8440,12.9,8,2
8441,12.8,0,2
8442,12.8,0,2
8443,12.8,0,2
8444,12.8,0,2
8445,12.8,0,2
8455,9.0,0,1
8456,9.1,2,1
8457,8.8,12,1
8458,7.1,22,1
8459,8.4,31,1
8460,8.5,33,1
8461,8.4,29,1
8462,8.7,21,1
8463,8.7,11,1
8464,8.8,2,1
8465,8.4,0,1
8466,7.3,0,1
8467,7.7,0,1
8468,7.0,0,1
8469,7.0,0,1
8479,6.4,0,1
8480,6.7,5,1
8481,7.4,37,1
8482,8.5,89,1
8483,9.1,92,1
8484,9.5,95,2
8485,9.7,86,2
8486,9.6,59,2
8487,9.3,28,2
8488,8.8,4,1
8489,8.5,0,1
8490,8.2,0,1
8491,7.9,0,1
8492,7.6,0,1
8493,7.3,0,1
8503,-1.7,0,0
8504,-1.8,2,0
8505,-1.0,71,0
8506,0.2,186,0
8507,1.0,222,5
8508,1.8,292,5
8509,2.2,283,5
8510,2.0,181,0
8511,1.3,103,0
8512,0.2,8,0
8513,0.2,0,0
8514,0.3,0,0
8515,0.3,0,0
8516,0.3,0,0
8517,0.3,0,0
8575,-2.9,0,0
8576,-2.8,3,0
8577,-1.6,65,0
8578,-0.2,139,0
8579,0.7,167,0
8580,1.5,187,0
8581,1.7,156,0
8582,1.6,104,0
8583,1.0,58,0
8584,0.2,3,0
8585,-0.1,0,0
8586,-0.5,0,0
8587,-0.8,0,0
8588,-1.1,0,0
8589,-1.5,0,0
8599,-3.8,0,0
8600,-3.8,2,0
8601,-3.7,12,0
8602,-3.7,22,0
8603,-3.6,29,0
8604,-3.6,30,0
8605,-3.6,30,0
8606,-3.7,23,0
8607,-3.7,14,0
8608,-3.8,3,0
8609,-3.9,0,0
8610,-4.2,0,0
8611,-4.6,0,0
8612,-4.5,0,0
8613,-4.6,0,0
8623,-6.0,0,0
8624,-5.7,5,0
8625,-3.6,101,0
8626,-1.6,185,0
8627,0.1,251,5
8628,1.4,279,5
8629,1.9,239,5
8630,1.9,170,0
8631,1.0,87,0
8632,-0.3,3,0
8633,-0.7,0,0
8634,-1.0,0,0
8635,-1.4,0,0
8636,-1.8,0,0
8637,-2.1,0,0
8647,-4.8,0,0
8648,-4.8,2,0
8649,-2.9,81,0
8650,-2.2,89,0
8651,-1.3,134,0
8652,1.1,325,5
8653,2.3,283,5
8654,3.1,268,5
8655,2.9,151,0
8656,1.6,20,0
8657,1.2,0,0
8658,0.7,0,0
8659,0.2,0,0
8660,-0.2,0,0
8661,-0.7,0,0
8671,-4.2,0,0
8672,-3.9,6,0
8673,-1.6,114,0
8674,0.8,222,5
8675,2.9,301,5
8676,4.5,334,5
8677,5.3,318,5
8678,5.5,244,5
8679,4.6,130,1
8680,2.9,13,0
8681,2.7,0,0
8682,2.4,0,0
8683,2.2,0,0
8684,1.9,0,0
8685,1.7,0,0
8743,3.9,0,1
8744,3.9,2,1
8745,4.2,23,1
8746,4.5,51,1
8747,4.8,71,1
8748,5.0,80,1
8749,5.1,71,1
8750,5.1,52,1
8751,4.9,25,1
8752,4.3,3,1
8753,4.3,0,1
8754,3.9,0,1
8755,3.7,0,1
8756,3.3,0,1
8757,3.0,0,0
